term,frequency
toe-eh,17
siti,15
weap,13
i.d,8
zittend,6
santani,6
boeng,5
jongetje,5
stoffer,5
soeti,4
ziekenhuis,4
sapi,4
gescreend,4
bodja,4
bericht,4
privékamer,4
toegewezen,4
strijkijzer,4
dr,4
wiel,4
tuin,4
uitgehongerd,4
doodziek,4
ketjil,4
enfin,4
veel,4
sigaretten,4
jos,3
kila,3
erger,3
anema,3
naoemi,3
gewassen,3
broer,3
evenknie,3
oog,3
toeziend,3
graaff,3
vooraan,3
voskuyl,3
kronenberg,3
v.l.n.r,3
ohms,3
gebogen,3
spiering,3
bleekman,3
staand,3
ln.r,3
sampian,3
doedoek,3
hêlmê,3
ma,3
wmw,3
tmmf,3
opleiding,3
volk,3
spelen,3
gelachen,3
hysterische,3
magere,3
onswas,3
bemoeide,3
ruzie,3
maleisnam,3
immers,3
grap,3
behaaglijk,3
rekte,3
pyjama,3
geenszins,3
lopen,3
hielpen,3
hoofdbaboe,3
ontschoten,3
arang,3
erin,3
brandende,3
waste,3
verhuizingen,3
batavia,3
gulden,3
trouw,3
indonesische,3
onuitwisbare,3
goederen,3
verwisseling,3
teneinde,3
gereinigd,3
wasvrouw,3
sokken,3
ondergoed,3
gedaan,3
staan,3
uniformen,3
per,3
dwars,3
scharminkeltje,3
leven,3
jaar,3
kiespijn,3
blijkt,3
wil,3
gekkenhuis,3
telefoonsectie,3
v.p,3
rundberg,3
onna,3
tegenover,3
kok,3
gaat,3
peter,3
lacht,3
vallen,2
liet,2
zakdoek,2
stoel,2
luie,2
malas,2
krossie,2
voorbeeld,2
slaaf,2
bang,2
bush,2
verzorgt,2
kamertjes,2
geroezemoes,2
gegiechel,2
kippenhok,2
kakelend,2
gevoegd,2
achtergelaten,2
verzameling,2
arriveerden,2
omgekomen,2
verstikt,2
rook,2
vermoedelijk,2
redden,2
ruimt,2
dienstmeiden,2
hielp,2
respect,2
bet,2
ergens,2
opmaakte,2
opruimde,2
persoonlijke,2
b-divisie,2
kader,2
katjong,2
uurtje,2
pakken,2
present,2
missie,2
aantekeningen,2
losse,2
eindigen,2
dagprijzen,2
zake,2
onverrichter,2
slof,2
tropenuniformen,2
oor,2
pkn!pten,2
werk7,2
legertje,2
ngawi,2
cp,2
misverstandje,2
verdween,2
inheemse,2
knil-militairen,2
denk,2
tomo,2
serillo,2
huishoudster,2
stuks,2
gister,2
drukker,2
iet,2
zoveel,2
sibelia,2
tante,2
wel.pietwaar,2
ook.maar,2
wilt,2
baboe.zij,2
ue,2
demarcatielijn,2
aktie,2
openbare,2
aten,2
rohata,2
blijham,2
proempang-0801,2
kaliwadas9307,2
diender,2
johan,2
huishoudelijk,2
doorgenomen,2
bijzonder,2
tocht,2
giechelende,2
bedrijven,2
subversieve,2
ongehoorzame,2
delima,2
karweitjes,2
intimiteiten,2
aanleiding,2
correct,2
verhoudingen,2
verkeerde,2
schept,2
gekheid,2
vriendschappelijk,2
opzichte,2
tegenf,2
stribbelt,2
langzamerhand,2
geduldig,2
wasserij,2
wandelende,2
zeven,2
baboeprobleem,2
403e,2
paradijs,2
uitgebreid,2
onenigheid,2
speelde,2
overgelaten,2
zuster,2
buren,2
bracht,2
plee,2
telkens,2
sakit,2
roemah,2
verbonden,2
vleugel,2
waaraan,2
burgerlijk,2
centraal,2
cbz,2
staande,2
riep,2
tjatjing,2
menige,2
broertjes,2
huisdokter,2
verraad,2
liefdesrelatie,2
wereldschokkende,2
verboden,2
veteranenervaringen,2
bale,2
alang,2
doffe,2
bak,2
hard,2
vijandelijke,2
djogjakarta,2
semarang,2
aanwezig,2
oudere,2
marinekazerne,2
gelegen,2
pasar,2
orang,2
setenga,2
noemden,2
bleek,2
kamponghuizen,2
zogenaamde,2
baas,2
ontberen,2
voorzieningen,2
leerde,2
infanterie,2
hout,2
gedeelte,2
staf-cie,2
3-1-15,2
ii,2
overgenomen,2
u-brigade,2
ajam,2
goenoeng,2
bieden,2
peleton,2
breiden,2
zodanig,2
rekening,2
besluiten,2
duidelijkheid,2
hitte,2
haven,2
daarbij,2
buitengewoon,2
hospitaal,2
annie,2
jas,2
lieske,2
grieten,2
flinke,2
teleurstellen,2
rest,2
ontbijt,2
baroe,2
aloon,2
geworden,2
dienaar,2
soerabaja,2
tenminste,2
wasgoed,2
donderen,2
toelangan,2
afdeed,2
trots,2
gekocht,2
slap,2
plaosan,2
geloof,2
enz,2
acties,2
waarderen,2
tegenpartij,2
loog,2
rondliep,2
bleven,2
politionele,2
viespeuk,2
hysterisch,2
gillend,2
gooide,2
pakte,2
platte,2
inroepen,2
baboeszij,2
verveeld,2
lampenisten,2
badhokje,2
aap,2
dander,2
stevig,2
doch,2
lucht,2
tevens,2
ijdhun,2
luid,2
jamblikjes,2
messen,2
brood:jm,2
smijten,2
ijverig,2
weggestuurd,2
aankwam,2
zorgde,2
jongen,2
onverhoopt,2
geraakt,2
hechtte,2
langer,2
naarmate,2
nederlands,2
sprak,2
hl,2
wnh,2
iffl,2
strijk,2
organiek,2
vrijgezel,2
toegevoegd,2
peloton,2
ontrouw,2
opmerking,2
surinamers,2
minie,2
kopen,2
asmina,2
javaans,2
ost,2
vanmorgen,2
kazerne,2
luttele,2
overplaatsing,2
kempen,2
gearrangeerd,2
huishouden,2
dienstmeisje,2
hangmat,2
zorgt,2
allemaal,2
weken,2
waarop,2
bezit,2
kinderen,2
she,2
family,2
with,2
one,2
gezin,2
gesteld,2
inwoning,2
komen,2
vrachtwagen,2
verschillende,2
dergelijke,2
opruimen,2
losten,2
laadden,2
vrachtwagens,2
contact,2
indonesië,2
inkt,2
spullen,2
zes,2
verzorgde,2
wasbaboes,2
onderkleding,2
uitgevoerd,2
uitrusting,2
bewapening,2
beschikbaar,2
werkkleding,2
gebruikte,2
schietoefeningen,2
detachement,2
vaderland,2
selemat,2
tidoer,2
k.n.i.l,2
krent,2
jje,2
gekend,2
banjak,2
baik,2
air,2
onderhoudswerkzaamheden,2
nieuws,2
acht,2
djongos,2
actie,2
bataljon,2
rijst,2
ringworm,2
balkon,2
kost,2
kwartje,2
plooi,2
dusver,2
strijkt,2
wast,2
secties,2
half,2
eén,2
aantal,2
organieke,2
onderdeel,2
dame,2
ien,2
regelde,2
tom,2
8e,2
sterkte,2
wasbaboe,2
meegenomen,2
ont,2
kleine,2
boe,2
zat,2
spichtig,2
bied,2
geven,2
zomaar,2
ideale,2
brutaal,2
initiatieven,2
zelfstandig,2
zorgzaam,2
betrouwbaar,2
zeg,2
spreekt,2
gewerkt,2
reusachtig,2
knapt,2
initiatief,2
iets,2
waarachtig,2
vrouwtje,2
slank,2
grote,2
dikke,2
zoveelste,2
eieren,2
geef,2
helemaal,2
wonder,2
hele,2
grietje,2
duidelijk,2
mensen,2
chauffeur,2
drietonner,2
gedonder,2
welste,2
kankeren,2
tijd,2
vrouw,2
doet,2
vanavond,2
teruggegaan,2
koop,2
kippen,2
wist,2
eindje,2
verbindingspost,2
itje,2
kroontje,2
maken,2
drie,2
zit,2
stoelen,2
nee,2
daarmee,2
zorgen,2
kletsen,2
lou,2
beloften,2
plannen,2
geweldige,2
komt,2
sarong,2
huis,2
gosis,1
gedroeg,1
hoort,1
rapen,1
sigaret,1
rustig,1
briefje,1
staken,1
gevaarlijkste,1
merabi,1
vuurspuwende,1
verzamelen,1
inlichtingen,1
vertrouwelijke,1
verbindingsafdeling,1
doelbewust,1
uitstekend,1
studente,1
tegenstanders,1
woordje,1
vlotte,1
boeniseuri,1
bivak,1
verbindingsgroep,1
voorval,1
wederzijds,1
karang,1
tandjong,1
jacob,1
vervolgt,1
schuld,1
ingevlucht,1
inwoners,1
verschoont,1
zachtjes,1
ontfermt,1
baar,1
wim,1
beroerd,1
daan,1
manschappen,1
luit,1
begrijpt,1
itoe,1
djanganan,1
roept,1
voorhoofd,1
sapoe,1
broekje,1
korte,1
kleden,1
commandanten,1
boone,1
niemans,1
sergeanten,1
onderofficieren,1
vers,1
idjoe,1
kadjang,1
poeti,1
bawang,1
ketimoen,1
bajem,1
menus,1
groenten,1
zélf,1
doorgesproken,1
ochtends,1
menu,1
verdelen,1
amsterdammer,1
rasechte,1
imansen,1
huzaar,1
afloop,1
mars,1
ingerukt,1
spleettenen,1
besloot,1
terugging,1
gecureerd,1
leed,1
controle,1
sociale,1
betere,1
idji,1
lachje,1
ingegaan,1
schuldig,1
geweldig,1
verbrand,1
buitgemaakt,1
verschonen,1
uitbetaalt,1
sma,1
1-8ri,1
18ri,1
zwanger,1
werkt,1
geboren,1
halfbloedjes,1
voorvallen,1
ruimden,1
mestins,1
beantwoord,1
geschroeid,1
kokosnoot,1
schelpen,1
gedroogde,1
gebeurt,1
elders,1
wasvrouwen,1
warme,1
sprake,1
wraakakties,1
doorwerken,1
einde,1
vriendelijk,1
oosthoek,1
zwierven,1
overdracht,1
gelukkigste,1
leken,1
kwetteren,1
wensen,1
slamat,1
vriéndelijk,1
opdagen,1
overbleef,1
beslist,1
hoefden,1
aangenomen,1
blij,1
aanwervingsplaats,1
menigte,1
krekels,1
duizenden,1
luidt,1
dakspanten,1
kriskras,1
vuurvliegjes,1
ritselt,1
schuurt,1
kruipt,1
beweegt,1
laatst,1
baboewand,1
ritselen,1
salamanders,1
knagen,1
afval,1
ratten,1
huisje,1
greppel,1
bamboewand,1
dunne,1
dringen,1
geluiden,1
dicht,1
dev,1
bord,1
onderkant,1
vervelend,1
smiddags,1
overhandigd,1
giechelend,1
lachend,1
patoet,1
zekere,1
persoonlijk,1
ochtend,1
aankeek,1
dak,1
binnenkant,1
hoogte,1
opgetrokken,1
miste,1
schoner,1
oppasser,1
verte,1
wazig,1
vlinders,1
vliegen,1
bordes,1
altaar,1
411er,1
syfilis,1
teruggekomen,1
keboemen,1
temg,1
colonne,1
afgezet,1
afgebracht,1
levend,1
hogelijk,1
tropen,1
rokende,1
legerkamp,1
soemowono,1
transport,1
bevoorrading,1
dienstvak,1
genoemd,1
landmachtonderdeel,1
afvoer,1
boesboes,1
baru,1
banyak,1
bali,1
aden,1
handelslieden,1
kobus,1
brenpunt,1
29-10-48,1
sabang,1
zuiderkruis,1
gardafui,1
kaap,1
pfgl^l,1
vsp,1
iwl,1
f*b,1
ixl3i,1
olielampje,1
vluchtelingen,1
evacuees,1
belek,1
geheel,1
stelling,1
vierhonderd,1
liggende,1
vijfhonderd,1
gingde,1
9.elegen,1
er0p,1
uer,1
ü16,1
beschoten,1
boom,1
2-8r.v.a,1
wachtmeester,1
handgranaat,1
zenuwen,1
last,1
weggebracht,1
halve,1
waarna,1
beloond,1
roepia,1
kloffie,1
zondagse,1
mevrouwtje,1
palmblad,1
rijstmesje,1
stadsof,1
grassoort,1
kasian,1
karbouw,1
grobak,1
goena-goena,1
goedang,1
djeroek,1
batik,1
ani-ani,1
aloon-aloon,1
woorden,1
maleise,1
lijst,1
proeven,1
liefste,1
puur,1
omringen,1
aanpakken,1
toestanden,1
vreemde,1
achtervolging,1
opmerken,1
leeggeroofd,1
gewond,1
ontsnappen,1
teruggebracht,1
zondags,1
khaki,1
binnenlopen,1
kleur,1
hoogrode,1
zessen,1
voorzichtig,1
kroop,1
nek,1
hing,1
moeilijkheden,1
collega,1
tjandiweg,1
parallel,1
merbaboeweg,1
stafkwartier,1
achterzijde,1
geschoten,1
ioo,1
ca,1
schatte,1
aandachtig,1
luisterde,1
bukte,1
achteromkijkend,1
angstig,1
slaapvertrek,1
sarongs,1
versleten,1
omhulde,1
stapel,1
holt,1
ginder,1
wsmi&a,1
ewmrmm,1
fe4aw,1
mèêi,1
bodjong,1
jongs,1
kat,1
m$fê,1
ts,1
higp,1
legendes,1
sages,1
rammelde,1
schrijfmachine,1
schoongehouden,1
grondig,1
elektrisch,1
tjandjoer,1
spandri-toelis,1
sindiri,1
saja,1
hospikken,1
bakkenes,1
prat,1
behandeling,1
verlaten,1
uitgescholden,1
achterlijk,1
dom,1
stom,1
meegegeven,1
gastheer,1
bevestigd,1
ogenblikkelijk,1
mijne,1
echtgenote,1
huizes,1
des,1
welgemoed,1
belde,1
adres,1
absoluut,1
dorpsschool,1
economie,1
drs,1
kandidaat,1
bene,1
nota,1
verontwaardiging,1
gekost,1
ruim,1
sodemieter,1
nep,1
aankleden,1
wüde,1
uitkwam,1
mandiekamer,1
handdoek,1
omgeslagen,1
voorgevallen,1
schone,1
gesteven,1
katjongs,1
teruggehaald,1
kokarde,1
gebruikten,1
ketel,1
koffie,1
ketels,1
geleende,1
wasketel,1
wip,1
thuishoorde,1
héér,1
overtuigd,1
neerlegden,1
snelle,1
gelaten,1
marineofficieren,1
gejaagd,1
oost-java,1
wonoasih,1
suikerfabriek,1
kerstfeest,1
achterhalen,1
bijten,1
slechte,1
onduidelijkheid,1
njai,1
gewonnen,1
spreekwoord,1
boeten,1
arrest,1
streng,1
legeringsgebouw,1
makende,1
misbruik,1
minderen,1
aanschouwen,1
gedeeld,1
postcommandant,1
jongeman,1
bevorderde,1
ontbloot,1
pikanterie,1
vrijwel,1
voorzorgsmaatregelen,1
uiterste,1
wapendiefstallen,1
aangezet,1
bedreigd,1
wijzen,1
onmogelijke,1
mogelijke,1
symptoom,1
ernstigste,1
daarvan,1
apra,1
toegesiste,1
voorbijgaan,1
herhaling,1
koortshitte,1
jenevergebruik,1
overweging,1
anderen,1
feest,1
vaderlands,1
uitstek,1
getuige,1
cantine,1
plaatsje,1
bewaren,1
geadviseerd,1
repatriëren,1
2000ste,1
toegewenst,1
afdeling,1
ziekenauto,1
bevallen,1
meegemaakt,1
indenken,1
sentimenteel,1
vierentwintigste,1
nadert,1
machtig,1
7p.om,1
bekijks,1
opgehaald,1
aat,1
autos,1
djatiroto,1
verhuisd,1
inclusief,1
zede,1
srling,1
rgts,1
nhet,1
ar,1
lende,1
nper,1
boepati,1
ome,1
soetomo,1
heuvel,1
kit,1
boeka,1
kort,1
automotor,1
triller,1
inductieklos,1
bobine,1
e.v.c,1
vakcentrale,1
eenheids,1
voorzitter,1
blokzijl,1
munten,1
schijven,1
blikken,1
nederlanders,1
hollanders,1
blandas,1
gebakken,1
bttoel,1
palembang,1
t.r.i,1
oetojo,1
bambang,1
standaard-ondcrdelen,1
noodbrug,1
baileybrug,1
bmia,1
go,1
haik,1
insigne,1
embleem,1
badge,1
heros,1
benter,1
hemdje,1
baadje,1
btndit,1
liberator,1
mitchel,1
bommenwerper,1
vliegtuigtype,1
cent,1
kostten,1
duur,1
geroepen,1
pasen,1
alledrie,1
ontdekten,1
paasdag,1
moffenkost,1
uien,1
worst,1
gedekt,1
nergens,1
geslachtsgemeenschap,1
verkering,1
velen,1
mede,1
vermoeidheid,1
lichamelijke,1
hoeveelheid,1
bovenmatige,1
gewonden,1
treurig,1
echt,1
bezoeken,1
momenteel,1
wapenbroeders,1
ovet,1
beloning,1
stuurden,1
leger-contacten,1
toegestuurd,1
ie,1
genius,1
pakje,1
fletse,1
neus,1
weerom,1
opgepikt,1
verliezen,1
groenhart,1
le,1
vastgehouden,1
kans,1
aanet,1
majoor,1
or,1
aanzien,1
lijdelijk,1
ge,1
verplegingsofficier,1
worg,1
pladjoe,1
mikmak,1
kpl,1
mouwen,1
hangen,1
strepen,1
aans,1
karabijn,1
kin,1
kapot,1
schiet,1
hermans,1
sgt,1
straflijst,1
knaap,1
goel,1
gek,1
kookcursus,1
vertrouwen,1
be,1
interne,1
deuren,1
sloten,1
slot,1
veilig,1
tegenwoordig,1
gelooft,1
i.p.v,1
meegekomen,1
kilotje,1
gewend,1
danken,1
zijr,1
bezems,1
3-tonner,1
beweging,1
treurige,1
mandiebak,1
overgoten,1
emmers,1
os,1
zagend,1
snurkend,1
ernaar,1
stinkt,1
gedronken,1
pielage,1
thuiskomst,1
ijn,1
maboe,1
aar,1
verdragen,1
trekken,1
hoopt,1
engels,1
shirtje,1
sjaaltje,1
bolk,1
gevangenen,1
september,1
partij,1
belooft,1
denpasar,1
praat,1
schrik,1
aantref,1
service,1
intelligence,1
forces,1
netherlands,1
marine,1
gouvernements,1
n.e.f.i.s,1
g.m,1
aangeweest,1
villa,1
witte,1
onderweg,1
afgekeurd,1
auto,1
blaadje,1
verkrachj,1
dat-ie,1
deugde,1
inspecteren,1
l6,1
tudsen,1
geschiedt,1
terugbrengen,1
mode,1
cie.waarbij,1
6e,1
inw,1
bureau,1
öp,1
melden,1
vermissingen,1
eventuele,1
ontvangst,1
vorplicht,1
allah,1
dari,1
zijn.tida,1
annanas,1
stelen,1
zijn.die,1
christelijk,1
trouwens,1
doe,1
wennen.de,1
gesprongen.u,1
zolder,1
bende,1
gezinde,1
vijandig,1
sluiten,1
bleken,1
verzorgden,1
hinderlaag.uat,1
uit.in,1
ueinig,1
legden,1
hinderlagen,1
krijgen.de,1
uas,1
aanvulling,1
geuonden,1
gesneuvelden,1
voorkeur,1
gaarne,1
behandelen,1
beschouwen,1
gelijkwaardige,1
principieel,1
mogdijk,1
dessabevolking,1
eenvoudige,1
landbouwers,1
gebaar,1
nadrukkelijk,1
vulkaan,1
slapende,1
exploderende,1
namelijk,1
niet-militaire,1
beroering,1
regelmatige,1
bijvoorbeeld,1
krieken,1
constant,1
pelotons,1
vergeten,1
salatiga,1
veldcompagnie,1
genie,1
5de,1
bezocht,1
djohar,1
jpeisjes,1
danwel,1
indische,1
tiga,1
merk,1
pilsjes,1
koopjes,1
geprezen,1
alom,1
geperst,1
khakiuniformen,1
afgelost,1
en/of,1
djangli,1
rechterkant,1
wachtlokaal,1
verwijderd,1
kilometers,1
vijftal,1
m.s,1
stapte,1
embarkeerde,1
matraman,1
tokobaas,1
steegsma,1
kartini,1
cornel,1
naschrift,1
guinea,1
epiloog,1
anno,1
djocja,1
klasser,1
1ste,1
dagboek,1
vrijheid,1
aanvallen,1
merdeka,1
tijgernest,1
tijgerbrigade,1
destijds,1
aangebracht,1
batikkunst,1
bataljons,1
telt,1
brigade,1
dienstbode,1
zelfbestuur,1
batikdoek,1
bbataljon,1
autonomie,1
razernij,1
optreden,1
onbesuisd,1
gen,1
ligamok,1
gebouwen,1
voornaamste,1
waaromheen,1
feesten,1
markten,1
dorpen,1
steden,1
omgeven,1
desa,1
dalang,1
daerahs,1
bras,1
poetih,1
bulus,1
bersih,1
betas,1
benteng,1
voc,1
belabberen,1
baoe,1
bami,1
roentjing,1
baleh-baleh,1
bagian,1
badjoe,1
babah,1
assistent-wedana,1
nica,1
andjing,1
evenals,1
nasi,1
extra-portie,1
chinees,1
eters,1
heer,1
veiligheid,1
toestand,1
jenever,1
glas,1
gewoonlijk,1
achterste,1
uitkijk,1
omzichtig,1
pad,1
kraag,1
redelijk,1
geplukt,1
bloemen,1
gezelliger,1
kamertje,1
leen,1
bureautje,1
opiumpacht,1
tendensroman,1
nadruk,1
bladzijden,1
noemt,1
perelaer,1
m.t.h,1
nederland-indische,1
oudofficier,1
opium-roman,1
doodgereden,1
hapje,1
kesesi-9408,1
geweren,1
noem,1
stoffen,1
voortaan,1
koning,1
zakken,1
pijler,1
taaie,1
reed,1
dessas,1
verschenen,1
klagen,1
aangaat,1
vriend,1
opdraagt,1
grond,1
knal,1
nummers,1
afkomstig,1
auteur,1
tekst,1
vermanende,1
lezer,1
behoorlijk,1
gedragen,1
stapje,1
flodderen,1
boot,1
gezocht,1
vuile,1
intrede,1
magdalena,1
maria,1
kring,1
zorgden,1
sumira,1
verbleven,1
bijgebouwtje,1
gaven,1
risicos,1
poort,1
dubbeltjesdames,1
ketips,1
waarschuwing,1
verband,1
geslachtsdriften,1
kamfer,1
verpest,1
ontwikkelen,1
patroon,1
eenzelfde,1
latere,1
merkwaardig,1
suste,1
engel,1
reddende,1
uitlopen,1
gevecht,1
bijna,1
leeftijd,1
blijven,1
fokker,1
driemotorige,1
gevleugelde,1
jgifggl,1
collectie,1
maande,1
gerimpelde,1
fronste,1
gejuich,1
waardoor,1
indruk,1
zwetend,1
heersende,1
tamboers,1
pijpers,1
escorte,1
eerbied,1
paarden,1
beklede,1
koets,1
zwarte,1
leggen,1
terbang,1
kapal,1
piemiels,1
kwaad,1
tjatjings,1
piemiel,1
verbijsterd,1
piemel,1
apenbroekje,1
monjet,1
tjelanna,1
oftewel,1
hansop,1
kleedde,1
waringin,1
ontdekkingsreis,1
peuter,1
gerust,1
haren,1
grijze,1
rimpels,1
desgevraagd,1
kolenschoppen,1
blonde,1
klein,1
herinneringen,1
vroegste,1
uitwijden,1
gehele,1
jongetjes,1
geadopteerde,1
streven,1
indonesiërs,1
masoek,1
boleh,1
pigimana,1
refrein,1
wanhoop,1
zong,1
hopeloos,1
wrakken,1
mijlen,1
drie-honderd,1
fourageren,1
nóóit,1
zó,1
vergaat,1
spijze,1
eetzaal,1
wassing,1
waslokaal,1
strijking,1
ophouden,1
gij,1
meermaals,1
vermeldt,1
oud,1
jongste,1
waard,1
aanschafprijs,1
militair,1
voren,1
elementen,1
bekende,1
minder,1
verhaal,1
boeiend,1
freddy,1
motorkap,1
weekend-huisjes,1
bouwvallen,1
zwijgt,1
eeuwen,1
contouren,1
machtige,1
moeilijkste,1
personenvervoer,1
fietskar,1
rustbank,1
bawan,1
volgeling,1
grasveld,1
dorpsplein,1
zeden,1
gewoonten,1
antjol,1
anak,1
mitrailleur,1
zelfstandige,1
z.m.c,1
hooggeheven,1
schuurtje,1
nieuwsgierig,1
schreeuw,1
onderdrukte,1
slag,1
dier,1
kermde,1
dreunen,1
hoorden,1
wasvrouwtje,1
knechtje,1
leeggoot,1
uitschepte,1
koel,1
helm,1
schepje,1
houten,1
inkoop,1
verantwoordelijk,1
maaltijd,1
afwisselende,1
ingrediënten,1
keus,1
werkte,1
gewekt,1
veren,1
improviseren,1
üflbhi,1
wff,1
kiti,1
3gj,1
yi,1
berg,1
gewapend,1
toeven,1
ananas,1
rietsuiker,1
inkopen,1
theo,1
aanval,1
zomer,1
mortieraanval,1
mwè*m,1
müzê*3,1
wiïi,1
mtmjmm,1
ss&je,1
antwoord,1
ieders,1
hieruit,1
bedoeling,1
december,1
gebleven,1
r.s,1
naam,1
bekend,1
algemeen,1
grif,1
gekookte,1
ondermeer,1
koopwaar,1
betreden,1
terrein,1
toestemming,1
overal,1
oedjoengkazerne,1
j|gg,1
verstrekt,1
sunlightzeep,1
handje,1
plunje,1
streken,1
steef,1
reinigde,1
redelijke,1
walplaatsing,1
bottelier,1
wt,1
dxz,1
voet,1
prik,1
es,1
keien,1
waterkant,1
sloeg,1
diens,1
tanden,1
poetste,1
meters,1
tiental,1
hurken,1
zn,1
welzijnsverzorging,1
inspanning,1
nationale,1
waterverzorger,1
warong,1
voorlader,1
tjot,1
tjoekoep,1
takoet,1
oesah,1
stoom,1
ada,1
mata,1
telor,1
tampatje,1
loepade,1
soedah,1
jang,1
tahoen,1
n.i,1
manis,1
soesoe,1
sirihpruim,1
mati,1
sepulu,1
sawatrapper,1
sawa,1
sakith,1
m.i,1
plopper,1
bussen,1
placo,1
goreng,1
ambon,1
pisang,1
pipercub,1
patjol,1
malam,1
o.v.w.er,1
o.s.t,1
verhalen,1
terugkwam,1
teroes,1
djalan,1
rot,1
tonen,1
daarentegen,1
pasarmaleis,1
gebroken,1
geweer,1
europeanen,1
zaak,1
pesterij,1
pure,1
controleren,1
sjeng,1
uitschold,1
doorvroeg,1
koe,1
meneer,1
gottegot,1
itoeh,1
ilah,1
reageerde,1
vergeet,1
hoopje,1
zielig,1
ineengedoken,1
lijkbleek,1
toonbaar,1
gemakkelijk,1
gezeten,1
flink,1
kompas,1
nacht,1
patrouilleleider,1
haast,1
ophijsen,1
pijn,1
daghitje,1
pleziertjes,1
beweerd,1
waarvan,1
silvia,1
mama,1
serveerde,1
sambal,1
nodige,1
lokaliseren,1
besmetting,1
men,1
groepje,1
vrouwvolk,1
zedelijkheid,1
tientallen,1
geteld,1
belast,1
verderop,1
opdracht,1
klus,1
nou,1
pieten,1
opgelost,1
eetprobleem,1
patatoes,1
sweet,1
aardappels,1
smaakte,1
eetbaar,1
bereidden,1
oebie,1
kilo,1
gaf,1
oogsten,1
oebi-veld,1
beleefd,1
magen,1
idee,1
geweerpatronen,1
teil,1
bescherming,1
zochten,1
doodsbang,1
bruikbare,1
dijckmeester,1
mortiervuur,1
vijandelijk,1
paniek,1
stenen,1
gedeeltelijk,1
meter,1
vijftig,1
oppervlakte,1
veranderingen,1
eersten,1
wisten,1
begrijp,1
verhuizen,1
grissee,1
aanstaande,1
vernomen,1
kantine,1
toespraak,1
hoffman,1
soetji,1
geconcentreerd,1
bertus,1
luidkeels,1
gilden,1
scheen,1
mandihok,1
gerucht,1
zaklantaarn,1
aardedonker,1
kooltje,1
gloeiend,1
ouderwetse,1
vaten,1
groep,1
waterwagen,1
gevuld,1
geleerd,1
verstaanbaar,1
verrassend,1
dim,1
ontslagen,1
jatani,1
glanzend,1
onontbeerlijke,1
wereld,1
bewoonde,1
eenzame,1
mat,1
neefje,1
maarten,1
weerziens,1
boek,1
bleef,1
knie,1
typen,1
opmaken,1
trok,1
ruiken,1
camouflagepak,1
limburgse,1
aantrekken,1
rampzalig,1
djipang,1
gevolgen,1
gewaarschuwd,1
tijdig,1
dankbaar,1
beseften,1
trein,1
411e,1
maart,1
gebeurde,1
hoofdstuk,1
6z,1
hawaii,1
berichten,1
opmerkelijke,1
herdenken,1
gedenken,1
krantenberichten,1
redde,1
dood,1
stilte,1
brieven,1
canada,1
overpeinzingen,1
verdere,1
veld,1
enzovoort,1
tenslotte,1
noodzakelijk,1
aanvoer,1
voortdurend,1
waarvoor,1
gestookt,1
startbaan,1
gebruikt,1
stoomwals,1
semplak,1
oengaran,1
hoofd,1
bijz,1
aug,1
hoge,1
schitterend,1
koele,1
sawas,1
hete,1
boenende,1
tanis,1
tanige,1
tropenland,1
verscheurd,1
wegvaart,1
dank,1
taaltje,1
hollands-indische,1
teugen,1
genieten,1
uitgenodigde,1
revue,1
ubrica,1
genaamd,1
cabaret-amateurs,1
tjisedane,1
bamboe-brug,1
speelziek,1
ark,1
adjudant,1
sectiekornuiten,1
regelt,1
wapen,1
poetst,1
loopt,1
volgen,1
procédé,1
papier,1
probeer,1
maarr,1
belachelijk,1
jeugd,1
interesseert,1
botol,1
ster,1
bintang,1
halt,1
stop,1
berhenti,1
smaak,1
scherp,1
bedis,1
eend,1
bebek,1
barangkali,1
taal,1
bahasa,1
bagoes,1
kindermeisje,1
varkensvlees,1
geroosterd,1
panggang,1
kijk,1
awas,1
drank,1
sterke,1
arak,1
vuur,1
api,1
rietgras,1
kip,1
au,1
adoe(h,1
aanklagen,1
adoe,1
maleis-nederlands,1
indonesia,1
republiek,1
jm,1
stf3,1
iü,1
ia,1
awj>u,1
ms,1
wwm,1
ti,1
as^asas&i,1
vf,1
flkms,1
éét"1,1
fcsgg,1
isi,1
mi,1
é*r,1
gegeten,1
personen,1
wachtpost,1
uitgedeeld,1
arm,1
verblijfplaats,1
prettigste,1
fanasan,1
tentenkamp,1
overgeplaatst,1
viel,1
verantwoordelijkheid,1
inzet,1
verbaasden,1
niettemin,1
hiervoor,1
verrichtten,1
doel,1
stellen,1
licht,1
medaille,1
vermelden,1
schaam,1
dikker,1
mager,1
tuan,1
verzorgster,1
kwestie,1
onderonsje,1
ongedwongen,1
verloop,1
meld,1
zus,1
vaandrig,1
militaire,1
beveel,1
handelend,1
patronen,1
kist,1
plek,1
beschutte,1
verdediging,1
wijs,1
gelegenheid,1
loods,1
voorlopig,1
landingsboten,1
ligging,1
bijzondere,1
geselecteerd,1
afwas,1
opgehangen,1
erboven,1
slaapklaar,1
attribuut,1
onmisbaar,1
tempatje,1
uitpakken,1
plaatsen,1
kazeme-kamp,1
tangsi,1
pot,1
plaatse,1
aanvullende,1
verblijf,1
taak,1
kosten,1
installeren,1
zeestomer,1
sirenegeluid,1
sonore,1
loodzware,1
gebukt,1
verzengende,1
priok,1
rijden,1
kennissen,1
vrienden,1
rae,1
mac,1
j.h,1
general,1
passagiersschip,1
amerikaanse,1
thuisvaren,1
412e,1
terugzien,1
ergo,1
verzorgen,1
aangesteld,1
medegedeeld,1
onmisbare,1
uitgereikt,1
veldbedden,1
binnenplaats,1
zalen,1
ruime,1
beschikt,1
stadhuis,1
gebruik,1
rijdt,1
jeep,1
nederland,1
geadopteerd,1
voorrijden,1
januari,1
pietje,1
igf,1
zowel,1
constateren,1
baby,1
ingehuurd,1
bestaan,1
begeven,1
bevinden,1
nabijheid,1
toegestaan,1
blijken,1
belangrijk,1
krijgt,1
greep,1
zware,1
zijden,1
positie,1
bevoorrechte,1
daardoor,1
kantoor,1
mens,1
beminnelijk,1
beroepsmilitair,1
elhart,1
overste,1
arts,1
plaats,1
inlands,1
geassisteerd,1
verpleging,1
beheerd,1
makassar,1
dienen,1
adressen,1
daarmede,1
schoonhouden,1
weelde,1
gemak,1
opgezet,1
hemd,1
verzameld,1
zweten,1
verplichte,1
middags,1
donderdag,1
tabé,1
terugvallen,1
trouwe,1
hart,1
vervult,1
dankbaarheid,1
makkers,1
gesneuvelde,1
gevoel,1
vreemd,1
overvalt,1
raakt,1
kade,1
pasirmanis,1
verzorgers,1
sitie,1
kardja,1
staakt-het-vuren,1
tni-eenheid,1
bewapend,1
zwaar,1
heen,1
toppen,1
noordwaarts,1
berggebied,1
natuurschoon,1
streek,1
pe-pe,1
riviertje,1
brug,1
toegangsweg,1
solo,1
tankauto,1
aangevoerd,1
larere,1
oosten,1
merapi,1
merbaboe,1
vulkanen,1
westen,1
vlakte,1
uitgestrekte,1
lag,1
panassang,1
heuvelachtig,1
bergachtig,1
vermoeiend,1
vlakke,1
besmeren,1
rijkelijk,1
boterhammen,1
stad,1
boter,1
blik,1
haalde,1
vogelaar,1
bediend,1
galerij,1
gezellig,1
luieren,1
benutten,1
zorgzaamheid,1
baboetje,1
zon,1
radiomuziek,1
minuten,1
technicus,1
vermeld,1
aardig,1
bivakkeren,1
doek,1
zwartwitte,1
beauties,1
bathing,1
brutale,1
rimboe,1
aloen-aloen,1
tropenavond,1
donkere,1
filmwagen,1
zeis,1
cadi-wagen,1
komst,1
hoogtepunten,1
afwassen,1
etensblikjes,1
poetsen,1
manusjes,1
verstellen,1
verzorgd,1
munitie,1
c3-bericht,1
verwacht,1
waardeloos,1
volstrekt,1
beoordeeld,1
sate-verkoper,1
c1,1
b1,1
ooggetuige,1
a2,1
doorgaf,1
hetzelfde,1
jodium,1
gesneden,1
vingers,1
zalf,1
bus,1
zweren,1
soorten,1
asperine,1
klachten,1
inwendige,1
schrijft,1
ziekenrapport,1
ziek,1
afgeven,1
helft,1
amper,1
dupe,1
tani,1
arme,1
omgezet,1
dergelijks,1
goud,1
aankomen,1
zakenlui,1
chinezen,1
gewiekste,1
rijke,1
honderd,1
fndiëgangers,1
kennen,1
appél,1
wachtkloppen,1
kun,1
slopen,1
lakens,1
zin,1
warm,1
bamboe,1
gevlochten,1
bilik,1
jaja,1
irian,1
nieuw-guinea,1
fietstaxi,1
betjak,1
sumatera,1
sumatra,1
jawa,1
djawa,1
nieuweling,1
sulawesi,1
celebes,1
kalimantan,1
borneo,1
overstroming,1
bediende,1
bandjir,1
benaming,1
b.v,1
veranderd,1
plaats)namen,1
plein,1
27-12-1949,1
soevereiniteitsoverdracht,1
verklarende,1
stonden,1
gehoord,1
jaloers,1
trenet,1
charles,1
mer,1
la,1
neuriede,1
nantes,1
fransman,1
domein,1
strijkijzers,1
electrische,1
schroeilucht,1
sunlight-zeep,1
geur,1
opgenomen,1
eigenlijk,1
functie,1
belangrijke,1
belangstelling,1
toont,1
opknappen,1
lijkt,1
politie,1
regel,1
bootswet,1
immer,1
gezien,1
ijdeltuit,1
aangetrokken,1
bruine,1
lage,1
wassende,1
pakian,1
bovenkleding,1
beschikken,1
xdan,1
mmm,1
wraak,1
terreur,1
bezig,1
t.n.i,1
stil,1
doods,1
ginds,1
achmad,1
dikkerd,1
waskini,1
christen-menadonees,1
dochter,1
robana,1
hoeven,1
muskietennet,1
pinda,1
katjang,1
dorp,1
rivier,1
orkest,1
slaginstrument,1
gamelan,1
datjes,1
ditjes,1
itoes,1
inis,1
uniformriemen,1
bokketuig,1
blanke,1
blanda,1
kindermeid,1
baboeshuisof,1
anak2,1
stadsplein,1
aloon2,1
woordenlijst,1
put,1
paul,1
grapjes,1
fijne,1
10-3-1950,1
perak,1
hotel,1
oudste,1
mnd,1
ervan,1
astana,1
rinum,1
puistje,1
weinigen,1
snor,1
reinheid,1
gekeurd,1
gedonderd,1
automatische,1
lichte,1
stens,1
vandoor,1
gisteren,1
meteen,1
val,1
moeke-henk-jan-leny-roosje-jacques-theo,1
lieve,1
6-3-1950,1
bèèè,1
eventjes,1
groen,1
scheel,1
denkt,1
inleveren,1
pak,1
nieuw,1
wasbaas,1
rust,1
kamp,1
middag,1
n-1-1950,1
avondpraatje,1
eindig,1
geklede,1
genomen,1
19-11-1949,1
bangil,1
tampalje,1
veldbed,1
wmm,1
im,1
ui,1
pt,1
mmi,1
geïnformeerd,1
poos,1
bal,1
stuip,1
bel,1
voorste,1
treintje,1
erbij,1
pronken,1
onderbroek,1
straks,1
durven,1
fraaie,1
vermoord,1
peloppers,1
22-7-1949,1
lied,1
hoogste,1
stapelgek,1
werkjes,1
allerlei,1
platen,1
grammofoons,1
kasten,1
volop,1
nunspeet,1
groter,1
klets,1
moer,1
minstens,1
overdag,1
troebele,1
genoten,1
rechts,1
scharrelde,1
trokken,1
t;9m,1
gokken,1
overvloed,1
voegde,1
staarde,1
draaide,1
meewarig,1
uitkleed,1
bergen,1
sjokken,1
gebied,1
aktief,1
slanke,1
luierde,1
evenwicht,1
voelde,1
voeding,1
gram,1
rommelde,1
rotdrank,1
verdomme,1
hierbij,1
verbleekten,1
gezichten,1
kon.(alle,1
mooiste,1
zijde,1
droombeeld,1
forma,1
optima,1
wachtlopenmens,1
noemen,1
boer,1
drinken,1
rusten,1
lagen,1
kende,1
vaker,1
best,1
kloppen,1
patrouilles,1
nonjas,1
kampong-hoofd,1
hand,1
fout,1
zeiknat,1
gelopen,1
kilometer,1
veertig,1
zweette,1
kleding,1
goe,1
schreef,1
brieije,1
nauweljks,1
ding,1
javaanse,1
hoefde,1
heulden,1
vijand,1
zuur,1
beurt,1
buik,1
onderscheid,1
afstand,1
vergaten,1
meid,1
zagen,1
opvattingen,1
informeren,1
tjermee,1
pasoeroean,1
posten,1
reis,1
tweede,1
vlak,1
bevalling,1
punctueel,1
boord,1
kantje,1
ontredderd,1
versteeg,1
luitenant,1
hekel,1
poetsten,1
stopten,1
brachten,1
meest,1
beschikking,1
ter,1
bedienden,1
kwijt,1
dierbaars,1
land,1
contacten,1
summier,1
spijt,1
realiseerde,1
kinderbaboe,1
zeiden,1
ouders,1
alsof,1
spannende,1
krant,1
harskamp,1
gekke,1
skraenten,1
huize,1
duif,1
bedden,1
apen,1
schoolenberg,1
freek,1
dankwoord,1
buitenpost,1
echte,1
begrafenis,1
fire,1
cease,1
cadeautje,1
cabaret,1
datang,1
kamo,1
liep,1
neer,1
zag,1
keek,1
begon,1
gemaakt,1
madoera,1
wilden,1
helpen,1
kregen,1
ingenomen,1
slaapplaats,1
omarmd,1
êëm,1
jmm,1
bomen,1
schaduw,1
zwembad,1
lui,1
drukte,1
armen,1
bamhoom,1
sliep,1
verbaasd,1
geringste,1
minste,1
bed0,1
soepapmie,1
verlegen,1
soekaitie,1
links,1
ipf^i,1
jfei,1
doende,1
waterput,1
mam,1
wêsm,1
wsbm,1
souvenirs,1
wuiven,1
tjibaroesa,1
vertrek,1
overleden,1
wijze,1
natuurlijke,1
plotseling,1
spoor,1
generaal,1
mei,1
bren,1
zuid,1
tjisaroea,1
oprukken,1
tactisch,1
begonnen,1
dommer,1
gaten,1
hangt,1
dl,1
wijst,1
geruchten,1
onopgemerkt,1
besloten,1
midden,1
commandant,1
compagnies,1
wagenaar,1
kapitein,1
zodoende,1
mohammedaans,1
soedanezen,1
mohammed,1
hemelvaartsdag,1
vrije,1
bevonden,1
gearriveerd,1
aanblik,1
zelfde,1
bood,1
stromende,1
zicht,1
molenvliet,1
volgende,1
wachten,1
ide,1
gedachten,1
gingen,1
slaap,1
meesten,1
nokken,1
giechelen,1
morgenvroeg,1
beginnen,1
sloffend,1
open,1
en.de,1
draaiden,1
staakt,1
23-00,1
geval,1
ergste,1
verliefd,1
planter,1
theeplukster,1
burgermaatschappij,1
wennen,1
soldatenleven,1
vertrouwd,1
begreep,1
maakten,1
houtskool,1
deed,1
gekomen,1
probolinggo,1
allen,1
ouder,1
knil,1
hoofdpost,1
komering,1
martapura,1
dankzij,1
besar,1
ssüü,1
fe,1
issffe,1
èisïfiê,1
rijk,1
v/h,1
betaald,1
brengt,1
iedere,1
hut,1
vijven,1
gebeuren,1
tijdelijk,1
juli,1
pr,1
liffiéö,1
wm,1
gratis,1
zoutwater-zeep,1
st,1
totaal,1
sigaren,1
delft,1
koeken,1
mints,1
zk,1
hartelijk,1
verteld,1
dominee,1
vertrok,1
gevoelens,1
gemengde,1
vegen,1
rommel,1
kwamen,1
omgekeerd,1
erop,1
deel,1
kampcomplex,1
ambarawa,1
meegingen,1
meubelen,1
kisten,1
konvooien,1
djokja,1
regering,1
republikeinse,1
terugkeer,1
weemoedig,1
keken,1
tuiten,1
tranen,1
huilden,1
achterburen,1
emmahaven,1
a.a.t,1
wagens,1
stapten,1
april,1
wactt,1
oangewegen,1
wedeneng,1
dej,1
waatn,1
keatnacht,1
dn,1
d/oaat,1
kant,1
andene,1
gebouwtje,1
diepen,1
baboee,1
begroeten,1
verwanten,1
gehaald,1
kaartspelletje,1
borst,1
brave,1
riepen,1
uitteketting,1
marinier,1
bijv,1
vroegen,1
keurden,1
ziekenverpleger,1
buitenposten,1
meepraten,1
ziekenverplegers,1
ziekten,1
venerische,1
doolden,1
stiekum,1
feit,1
gezet,1
kamer,1
straf,1
diverse,1
richting,1
danig,1
kreeg,1
lijstje,1
overgebleven,1
ene,1
geluksvogel,1
heette,1
enkhuizen,1
schaap,1
nico,1
kop,1
huriy-up,1
intussen,1
draait,1
zaaik,1
hoor,1
geslapen,1
daairtussen,1
6-8,1
opzitten,1
oren,1
raar,1
klinkt,1
mooi,1
zelf,1
huilen,1
gezegd,1
bier,1
lion,1
ijskoud,1
flesje,1
schrijven,1
sportbroekje,1
zomerweer,1
stralendste,1
zusters,1
broers,1
vader,1
getrouwd,1
heet,1
beviel,1
neergelegd,1
revolvers,1
stelletje,1
polonia,1
knokken,1
verjaardag,1
uitspreekt,1
predomme,1
henk,1
gezicht,1
bedroefd,1
uiten,1
vloek,1
lelijke,1
soms,1
rug,1
schop,1
keuzecommissie,1
voetballen,1
ploeg,1
klas,1
zindelijk,1
bekeken,1
oogpunt,1
hygiënisch,1
donder,1
handdoeken,1
gewoonte,1
inspectie,1
schei,1
betreft,1
prima,1
organisatie,1
droog,1
teleurgesteld,1
uiteraard,1
moeder,1
raakte,1
bijzijn,1
bevestigend,1
onnozelheid,1
lief,1
vindt,1
gepeins,1
verzonk,1
was-baboe,1
tolk,1
verstond,1
kampongbewoners,1
dorpshoofd,1
bespreking,1
gezakt,1
gepakt,1
zaten,1
verzoek,1
qui-vive,1
iedereen,1
leren,1
snel,1
probeerde,1
hielden,1
kookten,1
kokkis,1
deden,1
t.v,1
radio,1
betaalmeester,1
geld,1
gestaakt,1
honger,1
maanden,1
slecht,1
mis,1
juni,1
stinkende,1
vieze,1
eindelijk,1
geklaard,1
karwei,1
tiende,1
belang,1
strategisch,1
cheribon,1
doorsteek,1
veroverd,1
garoet,1
tasikmalaja,1
tjiamis,1
vijfde,1
barakken,1
gelegerd,1
3-14-ri,1
arriveert,1
dienst,1
jaren,1
minah,1
kornuiten,1
vergoeding,1
malen,1
volgt,1
dezelfde,1
vier,1
indië,1
heren,1
meevaller,1
knil-kazerne-onderkomens,1
oude,1
betrekken,1
zuiden,1
cornelis,1
meester,1
kwartier,1
hollander,1
beland,1
dienstmeid,1
bat,1
bestuur,1
binnenlands,1
b.b,1
gras,1
rietachtig,1
hoog,1
alang-alang,1
bijliggen,1
erf,1
kokkie,1
elkaar,1
tennissen,1
zwemmen,1
troepen,1
engelse,1
opperbevelhebber,1
georganiseerd,1
verrassing,1
kwam,1
fa,1
jggst,1
ssssssk,1
subs,1
9r|be,1
mm,1
llléél,1
maaltijden,1
zelfgekookte,1
noodrantsoenen,1
huishoudelijke,1
getroffen,1
vlag,1
nederlandse,1
eenmaal,1
roema,1
namen,1
onmiddellijk,1
min,1
ah,1
gelukkige,1
doodvermoeide,1
eindigde,1
opwindende,1
glijden,1
balken,1
personeelsleden,1
verbindingsmensen,1
aangekomen,1
samen,1
gevolge,1
uitbreiding,1
work,1
happy,1
our,1
after,1
but,1
her,1
for,1
asking,1
others,1
some,1
been,1
there,1
enquire,1
went,1
from,1
him,1
brought,1
he,1
knew,1
his,1
returning,1
officers,1
that,1
heard,1
day,1
wilde,1
maakte,1
kennis,1
gegadigden,1
java,1
meegebracht,1
holland,1
officieren,1
hoorde,1
jong,1
fietsen,1
vervoermiddel,1
prettig,1
truus,1
werkuren,1
vaste,1
legeradministratie,1
tewerk,1
straat,1
gezellige,1
park,1
bestond,1
oliemaatschappij,1
bewoond,1
oorlog,1
wijk,1
week,1
loon,1
verlieten,1
malang,1
huilend,1
gediend,1
geschikte,1
vlug,1
vond,1
zondag,1
aanvankelijk,1
dacht,1
voertuigen,1
uitgaande,1
pasjes,1
controleert,1
kampement,1
passeren,1
okt./dec,1
terreur-periode,1
aanduiding,1
paraat,1
weest,1
letterlijk,1
bersiap,1
huisbediende,1
vrouwelijke,1
kampongs,1
haalden,1
kamers,1
mannen,1
weinig,1
vriendelijke,1
doorsnee,1
fanatiekelingen,1
tony,1
vervoort,1
willy,1
hawaïans,1
kilima,1
populaire,1
zeer,1
o.a,1
cabaretvoorstellingen,1
muzieken,1
gedoeld,1
biedt,1
niwin,1
ontspanning,1
gevaar,1
kazernes,1
vrouwen,1
aard,1
sexuele,1
geestelijke,1
bedreigen,1
gevaren,1
spreker,1
verkeren,1
militairen,1
waarin,1
problemen,1
analfabeet,1
veelal,1
leverde,1
gemerkt,1
manier,1
ieder,1
voorkomen,1
wapens,1
onderhoud,1
kokki,1
koki,1
baboe-tjoetji,1
verrichtte,1
diensten,1
behoeve,1
burgerpersoneel,1
wanaredja,1
arbeider,1
goederenloods,1
huisjongen,1
werkster,1
dorpstimmerman,1
poeloeh,1
menteng,1
sobat,1
ampoen,1
pagi,1
sadjah,1
kalie,1
passar,1
tampat,1
kretek,1
teng-teng,1
mandoer,1
koelie,1
havengoedang,1
toekankajoe,1
patria,1
woordvertalina,1
compie,1
4e,1
ijdo,1
opgesteld,1
weerszijden,1
kampongbevolking,1
djonggossen,1
vertrouwde,1
groet,1
inladen,1
jassen,1
broeken,1
hurkte,1
jo,1
3apoen,1
werkten,1
praten,1
berbicara,1
europeaan,1
nederlander,1
belanda,1
nieuw(eling,1
baroe(u,1
west(en,1
barat,1
koffers,1
bagage,1
barang,1
vliegveld,1
udara,1
bandar,1
membajar,1
bajar,1
gunstig,1
huishouding,1
hulp,1
babu,1
varken,1
babi,1
semua,1
atas,1
dakbedekking,1
atap,1
wind,1
angin,1
waterval,1
teijun,1
gewoonterecht,1
adat,1
indonesisch-nederlands,1
nauwelijks,1
vertier,1
regenbui,1
fikse,1
gewenst,1
regelmatig,1
riant,1
meestal,1
onderkomens,1
organiseren,1
mogelijk,1
hijzelf,1
doen,1
maten,1
tijdsbesteding,1
marianne,1
onvolprezen,1
opgediend,1
gebraden,1
geslacht,1
kippenstand,1
feestmaal,1
richtten,1
sibolga,1
avonden,1
laatste,1
vieren,1
officieel,1
leger,1
typisch,1
gehouden,1
sportwedstrijden,1
feestdagen,1
komende,1
geschreven,1
gong,1
stukje,1
delen,1
halen,1
bindjei,1
hoedemakers,1
vanmiddag,1
stuk,1
voel,1
augustus,1
orde,1
pet,1
zakdoeken,1
kleingoed,1
aangevuld,1
uniformjas,1
daarvoor,1
verschoning,1
complete,1
recht,1
netjes,1
ziet,1
pakean,1
bewaking,1
geoogst,1
rijstveld,1
groot,1
tni,1
ogen,1
ingezet,1
druk,1
talen,1
herkenbaar,1
moeilijker,1
krenten,1
lijken,1
brood,1
normaal,1
muizenkeutels,1
torretjes,1
krentenbrood,1
koelies,1
honderdvijftig,1
katoen,1
uitdelen,1
maand,1
nieuwe,1
november,1
obat,1
beloofd,1
chinese,1
bezoek,1
ontzettend,1
jeukt,1
hond,1
rode,1
ogenblik,1
oktober,1
bevel,1
bars,1
zingen,1
liedjes,1
leuke,1
appèl,1
morgens,1
majoortje,1
kijken,1
meisjes,1
gestreken,1
keurig,1
costuum,1
pakeans,1
gedoe,1
primitieve,1
ondanks,1
vinden,1
hopelijk,1
omgeving,1
rustige,1
eenheid,1
lossen,1
mesten,1
mandibakken,1
nodig,1
water,1
plekje,1
madame,1
verdient,1
wassen,1
sectiebaboe,1
warempel,1
tabeh,1
roepen,1
vanaf,1
iemand,1
opeens,1
horen,1
pauze,1
kaartje,1
goedkoopste,1
slapen,1
broek,1
ging,1
strijken,1
dagelijks,1
meeste,1
mijnheer,1
mau,1
tida,1
gelukkig,1
smeren,1
vele,1
getracht,1
gevoerd,1
dronken,1
moment,1
onthoofden,1
bataljonscommando,1
intriges,1
explosief,1
situatie,1
woonden,1
dames,1
onderdak,1
vonden,1
panden,1
bijgebouwtjes,1
stond,1
surabaya,1
kali,1
herenhuizen,1
rijtje,1
ondergebracht,1
oppassers,1
horende,1
lieden,1
plus,1
beproeven,1
geluk,1
opgewekt,1
antwoordde,1
teneergeslagen,1
minst,1
mededeling,1
aannemen,1
voorzien,1
ns,1
zichtbaar,1
hanger,1
kettinkje,1
gouden,1
fijn,1
hals,1
schoentjes,1
sierlijke,1
gratie,1
droeg,1
liepen,1
voeten,1
blote,1
len,1
kabaja,1
kanten,1
dito,1
goedkope,1
ian,1
smaakvol,1
inlandse,1
deftige,1
reden,1
jonge,1
knappe,1
opvallende,1
gezelschap,1
kazemewacht,1
soldaat,1
verscheen,1
gesprek,1
zaken,1
graag,1
opgelapt,1
post,1
gevonden,1
enige,1
soldaten,1
enkele,1
vertelde,1
sergeant,1
wees,1
kind,1
schaffen,1
meisje,1
behoefte,1
zei,1
teleurstelling,1
zeker,1
hield,1
pedofiel,1
stiekeme,1
soort,1
besefte,1
bekomen,1
iaar,1
verbazing,1
betalen,1
hoeft,1
meenemen,1
geregeld,1
familie,1
ranch,1
the,1
home,1
foto,1
overdenking,1
heterdaad,1
delicatesse,1
aapje,1
buitenstaander,1
geestelijk,1
bruiloftsstoet,1
taktiek,1
strategie,1
patrouille,1
koopje,1
proost,1
kunstenaar,1
presentje,1
bedanken,1
verdwenen,1
ineens,1
nooit,1
goede,1
trad,1
handen,1
nam,1
eerlijk,1
ooit,1
beste,1
begrijpen,1
afscheid,1
vertrokken,1
boos,1
toean,1
vraagt,1
fitji,1
termini,1
anna,1
woest,1
kou,1
bevend,1
zwart,1
kolen,1
hoop,1
katje,1
schreeuwde,1
gegooid,1
hok,1
vannacht,1
zegt,1
zoeken,1
tijdje,1
katjes,1
bandoeng,1
vroeger,1
boel,1
schoonmaken,1
vertellen,1
kijkt,1
bevolking,1
zoals,1
lompen,1
twintig,1
gillen,1
paar,1
geeft,1
gesproken,1
zoek,1
keer,1
zien,1
aangewezen,1
twaalf,1
zover,1
werk,1
koken,1
laten,1
daama,1
zoet,1
schoenen,1
smerige,1
durf,1
beter,1
zak,1
jute,1
gekleed,1
lelijk,1
dik,1
vuil,1
deur,1
schoffies,1
troep,1
staat,1
inderdaad,1
durft,1
dokter,1
raden,1
vertelt,1
spreek,1
onvindbaar,1
thuis,1
bedoel,1
moeilijk,1
maleis,1
gebrekkige,1
soendanes,1
spreken,1
schuw,1
werken,1
ga,1
weghalen,1
volle,1
leeg,1
werkelijk,1
huizen,1
lege,1
kast,1
vijf,1
jammer,1
tjimelakka,1
ritje,1
leuk,1
stel,1
wght,1
zaterdag,1
sinterklaas,1
vrijdag,1
kom,1
vandaag,1
overspannen,1
beetje,1
ligt,1
lekker,1
erg,1
dientje,1
niemand,1
personeel,1
eist,1
eind,1
vragen,1
willen,1
schijnt,1
lange,1
soemedang,1
gebracht,1
neemt,1
kees,1
lig,1
klamboe,1
stemming,1
opgewonden,1
heerst,1
goed,1
wonderlijk,1
toe,1
zitten,1
denken,1
zeggen,1
weten,1
manders,1
piet,1
ver,1
kampong,1
terug,1
school,1
buurt,1
begrepen,1
woonde,1
gevraagd,1
meegaan,1
compagnie,1
derde,1
morgen,1
dachten,1
doordat,1
weet,1
gegeven,1
kleren,1
mn,1
antenne,1
zetten,1
geharrewar,1
heel,1
radiokamer,1
afgesloten,1
1-4-r.i,1
episode,1
alweer,1
tjiranjang,1
vaarwel,1
heten,1
tina,1
mimi,1
oda,1
zwaaiend,1
vertrekken,1
voorin,1
nemen,1
alles,1
tafels,1
ruimte,1
wagen,1
laden,1
korporaal,1
grappen,1
flauwe,1
mikpunt,1
word,1
rumoerig,1
lang,1
blijft,1
eigen,1
stuur,1
protest,1
genoeg,1
vind,1
leiding,1
houden,1
vraag,1
bar,1
wordt,1
gang,1
laat,1
naast,1
stoeien,1
jongens,1
kabaal,1
hevig,1
tien,1
af,1
brief,1
schrijf,1
avonds,1
model,1
woord,1
één,1
schoon,1
tafel,1
maakt,1
wacht,1
direct,1
haalt,1
sceptisch,1
sta,1
uur,1
terecht,1
niets,1
dick,1
krijgen,1
mogelijkheden,1
bespreken,1
heerlijk,1
natuurlijk,1
hier,1
opdeweg,1
vervangen,1
jeffie,1
koelon,1
tjikalon,1
februari,1
woensdag,1
opstand,1
bloed,1
wild,1
lichaam,1
prachtig,1
zie,1
gegaan,1
los,1
gooit,1
deken,1
verleidelijk,1
21e,1
mina,1
bed,1
liggen,1
wakker,1
djongossen,1
achterkant,1
loop,1
dagen,1
begint,1
brengen,1
keuken,1
dingen,1
lekkere,1
baboes,1
lachen,1
etty,1
elly,1
benen,1
mooie,1
bewonderen,1
